{"cameraMode":{"drawMode":0,"name":"Shaded","section":"Shading Mode"},"sceneLighting":false,"audioPlay":false,"sceneViewState":{"showFog":true,"showMaterialUpdate":false,"showSkybox":false,"showFlares":true,"showImageEffects":true,"showParticleSystems":true},"in2DMode":false,"pivot":{"x":103.76885986328125,"y":215.61672973632813,"z":-21.54481315612793},"rotation":{"x":0.004762699361890554,"y":-0.0483359657227993,"z":-0.0009644291130825877,"w":-0.9999001622200012},"size":550.695556640625,"orthographic":true}