{"cameraMode":{"drawMode":0,"name":"Shaded","section":"Shading Mode"},"sceneLighting":false,"audioPlay":false,"sceneViewState":{"showFog":true,"showMaterialUpdate":false,"showSkybox":false,"showFlares":true,"showImageEffects":true,"showParticleSystems":true},"in2DMode":false,"pivot":{"x":121.69000244140625,"y":261.70001220703127,"z":-6.190985857301712e-8},"rotation":{"x":-0.02877434715628624,"y":0.9306397438049316,"z":-0.35938358306884768,"w":-0.07876840233802796},"size":45.91913986206055,"orthographic":true}