{"cameraMode":{"drawMode":0,"name":"Shaded","section":"Shading Mode"},"sceneLighting":true,"audioPlay":false,"sceneViewState":{"showFog":true,"showMaterialUpdate":false,"showSkybox":true,"showFlares":true,"showImageEffects":true,"showParticleSystems":true},"in2DMode":false,"pivot":{"x":36.689613342285159,"y":17.9127140045166,"z":-10.07856559753418},"rotation":{"x":-0.022891199216246606,"y":-0.8112422823905945,"z":0.5867785811424255,"w":0.001169597147963941},"size":114.11003875732422,"orthographic":true}