{"cameraMode":{"drawMode":0,"name":"Shaded","section":"Shading Mode"},"sceneLighting":false,"audioPlay":false,"sceneViewState":{"showFog":true,"showMaterialUpdate":false,"showSkybox":false,"showFlares":true,"showImageEffects":true,"showParticleSystems":true},"in2DMode":false,"pivot":{"x":0.0005664825439453125,"y":0.8154855370521545,"z":-0.11107958853244782},"rotation":{"x":0.3730354905128479,"y":0.6020061373710632,"z":-0.37578973174095156,"w":0.597719132900238},"size":3.6258602142333986,"orthographic":true}