{"cameraMode":{"drawMode":0,"name":"Shaded","section":"Shading Mode"},"sceneLighting":true,"audioPlay":false,"sceneViewState":{"showFog":true,"showMaterialUpdate":false,"showSkybox":true,"showFlares":true,"showImageEffects":true,"showParticleSystems":true},"in2DMode":false,"pivot":{"x":10.947460174560547,"y":15.592968940734864,"z":-30.854267120361329},"rotation":{"x":-0.07888232171535492,"y":0.851245105266571,"z":-0.5031853914260864,"w":-0.13169506192207337},"size":32.440582275390628,"orthographic":true}