{"cameraMode":{"drawMode":0,"name":"Shaded","section":"Shading Mode"},"sceneLighting":true,"audioPlay":false,"sceneViewState":{"showFog":true,"showMaterialUpdate":false,"showSkybox":true,"showFlares":true,"showImageEffects":true,"showParticleSystems":true},"in2DMode":false,"pivot":{"x":16.03900909423828,"y":13.863122940063477,"z":42.324485778808597},"rotation":{"x":-0.5328103303909302,"y":-0.19960792362689973,"z":0.1292692869901657,"w":-0.8134280443191528},"size":55.213958740234378,"orthographic":true}