{"cameraMode":{"drawMode":0,"name":"Shaded","section":"Shading Mode"},"sceneLighting":true,"audioPlay":false,"sceneViewState":{"showFog":true,"showMaterialUpdate":false,"showSkybox":true,"showFlares":true,"showImageEffects":true,"showParticleSystems":true},"in2DMode":false,"pivot":{"x":7.754986763000488,"y":15.816723823547364,"z":20.676666259765626},"rotation":{"x":-0.16654129326343537,"y":0.7634464502334595,"z":-0.5787988901138306,"w":-0.2389579862356186},"size":374.0416259765625,"orthographic":true}