{"cameraMode":{"drawMode":0,"name":"Shaded","section":"Shading Mode"},"sceneLighting":false,"audioPlay":false,"sceneViewState":{"showFog":true,"showMaterialUpdate":false,"showSkybox":false,"showFlares":true,"showImageEffects":true,"showParticleSystems":true},"in2DMode":false,"pivot":{"x":-0.3124494254589081,"y":0.9375,"z":-0.8125001192092896},"rotation":{"x":0.01944011077284813,"y":-0.7709304094314575,"z":0.6377424001693726,"w":0.019364574924111368},"size":4.221873760223389,"orthographic":true}