{"cameraMode":{"drawMode":0,"name":"Shaded","section":"Shading Mode"},"sceneLighting":true,"audioPlay":false,"sceneViewState":{"showFog":true,"showMaterialUpdate":false,"showSkybox":true,"showFlares":true,"showImageEffects":true,"showParticleSystems":true},"in2DMode":false,"pivot":{"x":28.729066848754884,"y":-4.634019374847412,"z":12.639030456542969},"rotation":{"x":-0.041760824620723727,"y":-0.8878746032714844,"z":0.46008026599884035,"w":-0.03522804006934166},"size":124.58061981201172,"orthographic":true}