{"cameraMode":{"drawMode":0,"name":"Shaded","section":"Shading Mode"},"sceneLighting":true,"audioPlay":false,"sceneViewState":{"showFog":true,"showMaterialUpdate":false,"showSkybox":true,"showFlares":true,"showImageEffects":true,"showParticleSystems":true},"in2DMode":false,"pivot":{"x":44.09901428222656,"y":-6.797262668609619,"z":31.39849090576172},"rotation":{"x":0.03847173973917961,"y":-0.8265194892883301,"z":0.5595920085906982,"w":0.06289339810609818},"size":52.23920822143555,"orthographic":true}