{"cameraMode":{"drawMode":0,"name":"Shaded","section":"Shading Mode"},"sceneLighting":false,"audioPlay":false,"sceneViewState":{"showFog":true,"showMaterialUpdate":false,"showSkybox":false,"showFlares":true,"showImageEffects":true,"showParticleSystems":true},"in2DMode":false,"pivot":{"x":52.83000183105469,"y":0.9800000190734863,"z":25.75},"rotation":{"x":-0.07473492622375488,"y":-0.9468903541564941,"z":0.19670133292675019,"w":-0.24918535351753236},"size":2.8578836917877199,"orthographic":true}