{"cameraMode":{"drawMode":0,"name":"Shaded","section":"Shading Mode"},"sceneLighting":true,"audioPlay":false,"sceneViewState":{"showFog":true,"showMaterialUpdate":false,"showSkybox":false,"showFlares":true,"showImageEffects":true,"showParticleSystems":true},"in2DMode":false,"pivot":{"x":55.34071350097656,"y":-19.056385040283204,"z":16.88516616821289},"rotation":{"x":-0.04724905267357826,"y":-0.916975736618042,"z":0.3858243525028229,"w":-0.10247240215539932},"size":16.23381233215332,"orthographic":true}