{"cameraMode":{"drawMode":0,"name":"Shaded","section":"Shading Mode"},"sceneLighting":true,"audioPlay":false,"sceneViewState":{"showFog":true,"showMaterialUpdate":false,"showSkybox":true,"showFlares":true,"showImageEffects":true,"showParticleSystems":true},"in2DMode":false,"pivot":{"x":61.98999786376953,"y":12.065353393554688,"z":42.22999954223633},"rotation":{"x":0.027855901047587396,"y":0.9602251052856445,"z":-0.2679326832294464,"w":0.08812902122735977},"size":48.4065055847168,"orthographic":true}