{"cameraMode":{"drawMode":0,"name":"Shaded","section":"Shading Mode"},"sceneLighting":false,"audioPlay":false,"sceneViewState":{"showFog":true,"showMaterialUpdate":false,"showSkybox":false,"showFlares":true,"showImageEffects":true,"showParticleSystems":true},"in2DMode":false,"pivot":{"x":256.7617492675781,"y":289.6933288574219,"z":26.360103607177736},"rotation":{"x":-0.05076294019818306,"y":-0.022288406267762185,"z":-0.0007198110106401145,"w":-0.9995401501655579},"size":404.56146240234377,"orthographic":true}